"Date","Price","Open","High","Low","Vol.","Change %"
"09/28/2023","34.53","33.72","34.78","33.68","7.15M","-1.23%"
"09/27/2023","34.96","35.27","35.27","34.47","4.29M","0.43%"
"09/26/2023","34.81","35.00","35.54","34.72","8.60M","-1.56%"
"09/25/2023","35.36","36.80","36.80","35.15","12.90M","-9.98%"
"09/22/2023","39.28","40.00","40.11","39.05","5.70M","2.61%"
"09/21/2023","38.28","38.03","38.77","37.80","3.39M","-0.80%"
"09/20/2023","38.59","39.10","39.47","38.47","3.22M","0.52%"
"09/19/2023","38.39","38.64","38.87","38.02","6.52M","-3.25%"
"09/18/2023","39.68","39.26","39.88","38.85","5.57M","-2.39%"
"09/15/2023","40.65","40.87","41.44","40.49","4.93M","-0.07%"
"09/14/2023","40.68","40.80","40.90","40.40","2.04M","0.49%"
"09/13/2023","40.48","39.85","40.77","39.76","3.21M","-0.54%"
"09/12/2023","40.70","39.80","41.25","39.72","4.81M","2.88%"
"09/11/2023","39.56","39.55","39.80","38.92","3.91M","3.02%"
"09/08/2023","38.40","38.53","38.79","38.21","1.95M","-0.44%"
"09/07/2023","38.57","38.83","39.10","38.32","3.60M","-3.36%"
"09/06/2023","39.91","39.80","40.28","39.65","3.40M","0.23%"
"09/05/2023","39.82","40.35","40.50","38.77","9.05M","-5.93%"
"09/01/2023","42.33","42.63","43.19","41.69","5.69M","1.63%"
"08/31/2023","41.65","41.56","42.13","41.24","4.18M","-0.76%"
"08/30/2023","41.97","40.97","41.98","40.55","6.78M","-2.19%"
"08/29/2023","42.91","41.00","43.37","40.73","13.17M","7.79%"
"08/28/2023","39.81","39.68","40.15","39.14","3.85M","1.40%"
"08/25/2023","39.26","38.76","39.40","38.50","4.17M","1.11%"
"08/24/2023","38.83","39.48","39.80","38.43","4.52M","-0.28%"
"08/23/2023","38.94","38.44","39.28","38.25","4.09M","-0.49%"
"08/22/2023","39.13","40.10","40.24","38.48","4.56M","-1.68%"
"08/21/2023","39.80","38.70","39.91","38.40","4.52M","2.50%"
"08/18/2023","38.83","38.58","39.33","38.26","6.33M","-4.88%"
"08/17/2023","40.82","42.15","42.20","40.78","6.29M","1.29%"
"08/16/2023","40.30","39.72","40.69","39.55","5.49M","-0.74%"
"08/15/2023","40.60","40.60","40.80","39.71","6.72M","1.63%"
"08/14/2023","39.95","39.89","39.98","38.73","14.13M","-1.28%"
"08/11/2023","40.47","41.37","41.40","39.88","10.58M","-5.55%"
"08/10/2023","42.85","43.73","44.43","42.41","9.40M","2.41%"
"08/09/2023","41.84","42.63","43.19","41.63","8.93M","-1.85%"
"08/08/2023","42.63","42.72","43.98","41.15","15.63M","-8.62%"
"08/07/2023","46.65","47.26","47.33","45.63","8.10M","1.77%"
"08/04/2023","45.84","46.06","46.39","45.17","6.70M","-1.50%"
"08/03/2023","46.54","45.32","46.81","45.13","12.52M","4.82%"
"08/02/2023","44.40","43.30","44.61","43.16","7.43M","0.07%"
"08/01/2023","44.37","43.39","44.69","42.86","8.40M","3.67%"
"07/31/2023","42.80","42.23","42.82","41.82","6.88M","0.19%"
"07/28/2023","42.72","40.74","42.83","40.53","13.52M","9.57%"
"07/27/2023","38.99","39.68","39.73","38.85","6.93M","-0.81%"
"07/26/2023","39.31","38.59","40.36","38.59","10.97M","3.56%"
"07/25/2023","37.96","38.50","38.80","37.51","6.36M","-0.58%"
"07/24/2023","38.18","36.65","38.73","36.57","7.58M","3.27%"
"07/21/2023","36.97","37.31","37.40","36.87","3.37M","-1.39%"
"07/20/2023","37.49","36.98","37.70","36.84","3.72M","0.19%"
"07/19/2023","37.42","37.55","37.79","37.11","3.92M","0.86%"
"07/18/2023","37.10","37.94","38.02","36.68","5.24M","-2.85%"
"07/17/2023","38.19","36.69","38.52","36.56","6.09M","3.22%"
"07/14/2023","37.00","36.82","37.03","35.86","11.54M","-0.96%"
"07/13/2023","37.36","37.41","37.63","36.63","9.47M","-2.12%"
"07/12/2023","38.17","37.70","38.22","36.92","7.94M","3.00%"
"07/11/2023","37.06","36.82","37.24","36.43","7.03M","3.38%"
"07/10/2023","35.85","35.05","35.96","34.40","5.14M","-0.11%"
"07/07/2023","35.89","35.41","36.15","35.09","3.60M","1.16%"
"07/06/2023","35.48","35.50","36.41","35.36","4.46M","-0.76%"
"07/05/2023","35.75","36.07","36.39","35.42","5.81M","-1.52%"
"07/03/2023","36.30","36.88","38.09","36.09","10.50M","3.42%"
"06/30/2023","35.10","34.39","35.48","34.39","5.29M","2.36%"
"06/29/2023","34.29","34.62","34.79","33.98","3.51M","-2.22%"
"06/28/2023","35.07","35.03","35.15","34.43","5.86M","1.04%"
"06/27/2023","34.71","34.28","34.93","34.07","5.39M","2.45%"
"06/26/2023","33.88","33.68","34.15","33.44","4.21M","1.99%"
"06/23/2023","33.22","33.60","33.86","32.92","4.74M","-3.43%"
"06/22/2023","34.40","34.48","34.48","33.80","3.09M","-0.75%"
"06/21/2023","34.66","34.85","35.97","34.42","9.01M","2.73%"
"06/20/2023","33.74","34.06","34.53","33.59","6.82M","-1.95%"
"06/16/2023","34.41","34.70","34.85","34.10","7.25M","-0.15%"
"06/15/2023","34.46","34.25","35.09","33.88","11.36M","1.95%"
"06/14/2023","33.80","32.49","34.20","32.38","15.98M","7.34%"
"06/13/2023","31.49","31.96","32.05","31.16","7.25M","1.09%"
"06/12/2023","31.15","31.02","31.56","30.75","6.88M","-1.98%"
"06/09/2023","31.78","32.15","32.55","31.63","6.01M","-0.75%"
"06/08/2023","32.02","31.87","32.41","31.72","4.81M","0.66%"
"06/07/2023","31.81","32.43","32.63","31.49","6.93M","-0.56%"
"06/06/2023","31.99","30.72","32.02","30.69","12.24M","6.28%"
"06/05/2023","30.10","29.87","30.60","29.69","7.06M","2.24%"
"06/02/2023","29.44","30.48","31.33","29.32","9.79M","0.99%"
"06/01/2023","29.15","28.90","29.50","28.20","7.38M","0.34%"
"05/31/2023","29.05","28.85","29.08","27.73","7.85M","-0.34%"
"05/30/2023","29.15","28.88","30.67","28.88","13.24M","3.52%"
"05/26/2023","28.16","28.64","28.65","27.80","6.08M","-0.25%"
"05/25/2023","28.23","28.53","28.68","28.11","4.40M","-2.05%"
"05/24/2023","28.82","28.35","29.73","28.20","8.74M","0.28%"
"05/23/2023","28.74","28.61","29.27","28.51","5.78M","-2.41%"
"05/22/2023","29.45","29.80","30.04","28.96","8.55M","1.20%"
"05/19/2023","29.10","29.14","29.51","28.80","5.52M","1.46%"
"05/18/2023","28.68","29.18","29.25","28.22","6.73M","-0.59%"
"05/17/2023","28.85","29.51","29.56","28.80","8.91M","-3.70%"
"05/16/2023","29.96","29.84","30.11","29.46","6.00M","-0.13%"
"05/15/2023","30.00","29.00","30.01","28.86","6.35M","1.90%"
"05/12/2023","29.44","29.05","29.77","28.58","11.33M","0.60%"
"05/11/2023","29.26","29.25","29.96","28.74","14.66M","3.70%"
"05/10/2023","28.22","26.28","29.00","26.11","27.81M","13.93%"
"05/09/2023","24.77","24.29","25.00","24.23","7.75M","0.08%"
"05/08/2023","24.75","24.73","25.18","24.47","5.53M","3.43%"
"05/05/2023","23.93","23.68","24.07","23.44","5.10M","0.17%"
"05/04/2023","23.89","23.31","23.94","23.30","6.92M","5.06%"
"05/03/2023","22.74","22.78","23.00","22.62","3.53M","-0.74%"
"05/02/2023","22.91","23.17","23.32","22.26","6.22M","-3.01%"
"05/01/2023","23.62","24.20","24.21","23.36","6.33M","0.51%"
"04/28/2023","23.50","23.20","23.62","22.82","4.99M","1.12%"
"04/27/2023","23.24","22.76","23.32","22.59","4.27M","3.61%"
"04/26/2023","22.43","22.71","23.12","22.23","5.17M","1.82%"
"04/25/2023","22.03","22.56","22.60","21.48","8.26M","-2.87%"
"04/24/2023","22.68","22.99","23.44","22.48","5.81M","-1.09%"
"04/21/2023","22.93","22.90","23.07","22.53","5.43M","-0.86%"
"04/20/2023","23.13","23.37","23.69","22.68","10.54M","-6.17%"
"04/19/2023","24.65","24.48","24.85","24.31","4.49M","-3.30%"
"04/18/2023","25.49","25.50","25.73","25.18","5.22M","-2.45%"
"04/17/2023","26.13","25.69","26.26","25.17","8.78M","6.39%"
"04/14/2023","24.56","24.38","24.61","23.90","3.87M","1.40%"
"04/13/2023","24.22","24.52","24.75","24.10","4.22M","1.76%"
"04/12/2023","23.80","23.96","24.22","23.58","6.16M","-0.13%"
"04/11/2023","23.83","24.37","24.67","23.82","5.41M","0.85%"
"04/10/2023","23.63","23.40","23.70","23.27","4.87M","-0.17%"
"04/06/2023","23.67","23.28","23.92","23.20","5.36M","2.33%"
"04/05/2023","23.13","23.69","23.70","22.93","6.15M","-2.94%"
"04/04/2023","23.83","23.94","24.20","23.56","4.12M","-2.01%"
"04/03/2023","24.32","25.00","25.16","23.97","6.86M","-2.53%"
"03/31/2023","24.95","25.13","25.29","24.91","4.23M","-1.46%"
"03/30/2023","25.32","24.90","25.45","24.71","7.12M","1.69%"
"03/29/2023","24.90","25.00","25.07","24.53","8.32M","0.61%"
"03/28/2023","24.75","24.00","25.10","23.95","7.63M","6.64%"
"03/27/2023","23.21","23.10","23.43","22.93","2.30M","-0.73%"
"03/24/2023","23.38","23.00","23.50","23.00","2.22M","-1.35%"
"03/23/2023","23.70","23.75","24.11","23.38","5.02M","1.85%"
"03/22/2023","23.27","23.89","23.89","23.19","4.78M","-1.10%"
"03/21/2023","23.53","23.25","24.07","23.25","5.31M","3.02%"
"03/20/2023","22.84","21.76","23.52","21.66","5.91M","1.11%"
"03/17/2023","22.59","22.67","23.08","22.01","13.59M","2.78%"
"03/16/2023","21.98","21.30","22.11","21.18","6.08M","2.95%"
"03/15/2023","21.35","21.38","21.55","20.80","7.73M","-2.91%"
"03/14/2023","21.99","22.06","22.17","21.53","4.51M","-1.30%"
"03/13/2023","22.28","21.72","22.50","21.56","8.45M","4.26%"
"03/10/2023","21.37","21.22","21.73","20.86","7.37M","-0.28%"
"03/09/2023","21.43","21.80","21.92","21.10","12.58M","-3.86%"
"03/08/2023","22.29","23.00","23.05","21.82","12.06M","-5.51%"
"03/07/2023","23.59","24.35","24.40","23.34","7.73M","-5.64%"
"03/06/2023","25.00","25.11","25.23","24.73","4.63M","-0.40%"
"03/03/2023","25.10","25.06","25.31","24.91","4.98M","-0.87%"
"03/02/2023","25.32","24.63","25.36","24.43","9.17M","3.30%"
"03/01/2023","24.51","25.00","25.08","23.74","12.19M","3.81%"
"02/28/2023","23.61","23.30","24.00","23.00","12.15M","1.33%"
"02/27/2023","23.30","24.36","24.44","22.85","13.61M","0.30%"
"02/24/2023","23.23","23.38","23.62","23.06","7.08M","-3.89%"
"02/23/2023","24.17","24.34","24.37","23.56","4.11M","2.03%"
"02/22/2023","23.69","23.99","24.23","23.40","4.74M","-2.51%"
"02/21/2023","24.30","24.09","24.58","23.90","5.02M","1.08%"
"02/17/2023","24.04","24.13","24.43","23.70","4.19M","-2.83%"
"02/16/2023","24.74","24.97","25.31","24.69","4.30M","-2.56%"
"02/15/2023","25.39","24.95","25.42","24.30","7.69M","-0.98%"
"02/14/2023","25.64","24.67","25.73","24.30","7.33M","2.72%"
"02/13/2023","24.96","24.52","25.95","24.40","10.42M","4.65%"
"02/10/2023","23.85","23.89","24.13","23.45","8.97M","-5.51%"
"02/09/2023","25.24","26.38","26.54","24.92","6.82M","0.28%"
"02/08/2023","25.17","25.66","25.80","24.86","4.54M","-1.14%"
"02/07/2023","25.46","25.53","25.91","24.60","5.16M","1.76%"
"02/06/2023","25.02","24.89","25.73","24.29","6.49M","-0.24%"
"02/03/2023","25.08","25.61","26.18","25.08","6.09M","-5.96%"
"02/02/2023","26.67","27.05","27.48","26.27","8.71M","1.25%"
"02/01/2023","26.34","26.42","26.93","25.73","10.45M","5.78%"
"01/31/2023","24.90","24.37","25.07","24.11","7.31M","1.59%"
"01/30/2023","24.51","24.00","24.88","23.43","8.41M","-1.84%"
"01/27/2023","24.97","24.92","26.08","24.53","10.96M","-0.99%"
"01/26/2023","25.22","24.08","25.28","23.98","11.55M","8.89%"
"01/25/2023","23.16","22.93","23.37","22.72","2.80M","-0.86%"
"01/24/2023","23.36","23.29","23.80","23.15","3.81M","-0.89%"
"01/23/2023","23.57","22.50","23.75","22.47","6.60M","6.84%"
"01/20/2023","22.06","21.86","22.75","21.54","6.21M","3.47%"
"01/19/2023","21.32","21.66","21.96","21.28","3.83M","0.28%"
"01/18/2023","21.26","22.22","22.46","21.11","4.98M","-2.74%"
"01/17/2023","21.86","21.93","22.01","21.22","7.57M","-2.80%"
"01/13/2023","22.49","21.96","22.80","21.87","8.22M","-0.75%"
"01/12/2023","22.66","22.52","22.69","21.59","7.02M","1.48%"
"01/11/2023","22.33","22.35","22.57","22.03","7.45M","-0.18%"
"01/10/2023","22.37","22.50","22.74","21.90","7.33M","1.50%"
"01/09/2023","22.04","21.51","22.42","21.48","9.71M","5.30%"
"01/06/2023","20.93","21.03","21.20","19.81","14.48M","-9.16%"
"01/05/2023","23.04","22.55","23.31","22.50","6.39M","0.26%"
"01/04/2023","22.98","21.75","23.11","21.44","10.70M","9.53%"
"01/03/2023","20.98","21.76","21.86","20.55","14.77M","2.84%"
"12/30/2022","20.40","19.49","20.45","19.44","9.67M","4.67%"
"12/29/2022","19.49","19.25","19.74","18.95","8.87M","5.75%"
"12/28/2022","18.43","18.90","19.24","17.90","9.10M","-0.59%"
"12/27/2022","18.54","18.36","18.72","18.02","8.49M","-1.23%"
"12/23/2022","18.77","20.37","20.37","18.54","8.86M","-8.13%"
"12/22/2022","20.43","21.26","21.57","19.88","6.87M","-1.78%"
"12/21/2022","20.80","20.33","21.00","19.68","7.18M","3.38%"
"12/20/2022","20.12","19.46","20.68","19.32","7.51M","0.40%"
"12/19/2022","20.04","20.89","20.89","19.26","7.93M","-2.00%"
"12/16/2022","20.45","21.14","21.75","20.42","10.50M","0.10%"
"12/15/2022","20.43","21.15","21.61","20.00","10.53M","0.74%"
"12/14/2022","20.28","21.16","21.22","19.95","8.71M","-0.29%"
"12/13/2022","20.34","21.47","21.50","19.86","18.65M","-1.83%"
"12/12/2022","20.72","20.52","21.53","20.32","11.84M","-1.89%"
"12/09/2022","21.12","22.56","22.77","20.96","19.88M","-12.37%"
"12/08/2022","24.10","23.88","24.41","23.62","14.89M","6.68%"
"12/07/2022","22.59","21.99","22.87","21.58","9.48M","-2.21%"
"12/06/2022","23.10","22.58","23.63","22.43","12.49M","4.48%"
"12/05/2022","22.11","24.03","24.20","21.46","16.07M","-2.94%"
"12/02/2022","22.78","20.93","23.50","20.80","21.07M","6.95%"
"12/01/2022","21.30","21.18","22.29","20.82","15.65M","-3.18%"
"11/30/2022","22.00","20.13","23.04","20.11","46.31M","18.73%"
"11/29/2022","18.53","18.11","18.84","17.80","11.24M","8.74%"
"11/28/2022","17.04","16.30","17.62","16.30","8.60M","1.37%"
"11/25/2022","16.81","16.95","16.97","16.22","3.98M","-3.00%"
"11/23/2022","17.33","17.20","17.83","16.97","7.37M","3.59%"
"11/22/2022","16.73","16.91","17.06","16.25","9.79M","-4.78%"
"11/21/2022","17.57","17.46","17.58","16.78","5.88M","-1.73%"
"11/18/2022","17.88","18.09","18.19","17.65","5.72M","-2.61%"
"11/17/2022","18.36","17.23","18.39","16.96","10.99M","3.32%"
"11/16/2022","17.77","18.45","18.61","17.56","8.23M","-6.18%"
"11/15/2022","18.94","19.05","19.63","18.73","12.15M","5.46%"
"11/14/2022","17.96","18.84","19.49","17.96","10.69M","-5.32%"
"11/11/2022","18.97","18.23","19.41","17.65","14.22M","8.96%"
"11/10/2022","17.41","18.02","18.34","17.07","14.26M","7.60%"
"11/09/2022","16.18","17.42","17.80","16.09","15.43M","-12.40%"
"11/08/2022","18.47","17.58","18.53","17.40","9.95M","1.71%"
"11/07/2022","18.16","19.05","19.39","18.05","13.58M","-0.82%"
"11/04/2022","18.31","18.90","19.21","17.67","21.86M","9.31%"
"11/03/2022","16.75","15.92","17.37","15.88","18.66M","2.63%"
"11/02/2022","16.32","15.51","17.09","15.37","38.74M","12.09%"
"11/01/2022","14.56","15.02","15.15","13.97","21.37M","6.90%"
"10/31/2022","13.62","13.86","14.18","13.09","14.73M","-4.49%"
"10/28/2022","14.26","13.93","14.51","13.75","12.30M","-4.84%"
"10/27/2022","14.98","15.32","15.37","14.64","14.48M","-7.90%"
"10/26/2022","16.27","15.87","16.57","15.58","12.80M","2.33%"
"10/25/2022","15.90","15.37","16.35","15.15","20.49M","8.31%"
"10/24/2022","14.68","16.11","16.11","12.52","37.18M","-17.39%"
"10/21/2022","17.77","16.90","17.89","16.61","7.58M","2.72%"
"10/20/2022","17.30","17.28","17.76","17.15","12.26M","2.98%"
"10/19/2022","16.80","18.18","18.18","16.54","14.37M","-11.21%"
"10/18/2022","18.92","19.45","19.69","18.84","6.08M","-0.16%"
"10/17/2022","18.95","19.20","19.41","18.51","11.70M","1.23%"
"10/14/2022","18.72","20.05","20.25","18.65","7.81M","-6.59%"
"10/13/2022","20.04","19.26","20.27","19.09","9.12M","-1.72%"
"10/12/2022","20.39","20.48","21.18","19.92","12.03M","3.61%"
"10/11/2022","19.68","19.42","20.49","18.46","19.37M","3.58%"
"10/10/2022","19.00","19.62","19.62","18.43","10.80M","-2.91%"
"10/07/2022","19.57","20.45","20.47","19.33","15.47M","-6.59%"
"10/06/2022","20.95","23.87","24.02","20.68","25.64M","-12.34%"
"10/05/2022","23.90","24.65","24.98","23.50","7.19M","-2.85%"
"10/04/2022","24.60","24.39","25.43","24.31","6.63M","4.86%"
"10/03/2022","23.46","23.31","23.97","22.82","5.97M","1.96%"
"09/30/2022","23.01","22.54","23.58","22.20","5.97M","-1.54%"
"09/29/2022","23.37","24.05","24.26","22.80","7.73M","-6.14%"
"09/28/2022","24.90","24.67","25.60","24.33","9.84M","-3.19%"
"09/27/2022","25.72","26.63","27.00","25.54","9.71M","-2.54%"
"09/26/2022","26.39","25.20","27.10","25.10","15.89M","5.56%"
"09/23/2022","25.00","23.89","25.10","23.67","13.28M","3.18%"
"09/22/2022","24.23","24.41","25.40","24.17","18.11M","4.89%"
"09/21/2022","23.10","24.32","24.69","22.90","9.47M","-8.84%"
"09/20/2022","25.34","25.50","25.74","25.07","5.20M","0.44%"
"09/19/2022","25.23","23.85","25.30","23.74","7.16M","4.73%"
"09/16/2022","24.09","25.05","25.05","23.70","12.03M","-6.66%"
"09/15/2022","25.81","26.07","26.76","25.68","5.21M","-3.22%"
"09/14/2022","26.67","26.85","27.03","25.90","8.54M","-0.49%"
"09/13/2022","26.80","25.44","28.07","25.25","17.04M","2.84%"
"09/12/2022","26.06","26.72","26.80","25.25","9.70M","-1.03%"
"09/09/2022","26.33","26.76","27.23","26.23","7.97M","1.15%"
"09/08/2022","26.03","26.06","26.57","25.36","7.94M","-2.36%"
"09/07/2022","26.66","26.31","27.13","26.16","5.82M","0.83%"
"09/06/2022","26.44","26.48","27.08","26.00","7.40M","-0.53%"
"09/02/2022","26.58","27.31","27.36","26.26","9.12M","-4.73%"
"09/01/2022","27.90","27.68","28.38","27.19","10.38M","-3.02%"
"08/31/2022","28.77","29.26","29.57","28.39","6.82M","-0.10%"
"08/30/2022","28.80","29.25","29.39","28.23","6.31M","-1.06%"
"08/29/2022","29.11","30.00","30.55","29.06","5.21M","-3.93%"
"08/26/2022","30.30","31.84","32.15","30.21","7.57M","-2.48%"
"08/25/2022","31.07","30.76","31.64","29.92","8.93M","4.61%"
"08/24/2022","29.70","28.78","30.09","28.37","4.82M","1.16%"
"08/23/2022","29.36","30.36","30.36","28.85","8.12M","-4.83%"
"08/22/2022","30.85","30.00","31.53","29.83","8.40M","3.04%"
"08/19/2022","29.94","30.80","30.80","29.71","5.59M","-2.92%"
"08/18/2022","30.84","30.51","31.06","30.10","5.27M","-0.23%"
"08/17/2022","30.91","31.20","31.66","30.75","5.62M","-0.58%"
"08/16/2022","31.09","31.83","31.87","30.51","8.34M","-4.51%"
"08/15/2022","32.56","30.83","33.86","29.91","16.37M","0.22%"
"08/12/2022","32.49","31.47","32.60","31.23","6.38M","-0.67%"
"08/11/2022","32.71","32.09","33.45","31.72","9.75M","3.78%"
"08/10/2022","31.52","31.58","31.66","30.41","6.55M","2.11%"
"08/09/2022","30.87","32.17","32.45","30.24","13.99M","-7.02%"
"08/08/2022","33.20","34.11","34.14","32.94","6.22M","-1.28%"
"08/05/2022","33.63","33.70","33.95","32.58","4.96M","-2.01%"
"08/04/2022","34.32","34.23","35.17","34.02","5.06M","1.00%"
"08/03/2022","33.98","34.19","34.19","32.48","8.53M","-0.41%"
"08/02/2022","34.12","33.36","35.76","32.91","11.49M","0.06%"
"08/01/2022","34.10","33.70","35.98","33.06","17.49M","3.84%"
"07/29/2022","32.84","31.94","32.98","31.67","8.33M","-0.27%"
"07/28/2022","32.93","33.26","33.55","32.04","8.25M","-2.23%"
"07/27/2022","33.68","33.56","33.71","32.66","8.28M","0.39%"
"07/26/2022","33.55","34.70","35.43","33.26","8.32M","-3.03%"
"07/25/2022","34.60","33.80","34.65","33.50","6.76M","0.70%"
"07/22/2022","34.36","36.02","36.07","33.78","13.48M","-6.07%"
"07/21/2022","36.58","35.35","36.86","35.16","7.55M","1.95%"
"07/20/2022","35.88","36.21","37.35","35.51","15.04M","-3.83%"
"07/19/2022","37.31","39.16","39.30","35.66","22.81M","-4.72%"
"07/18/2022","39.16","38.86","40.88","37.53","17.60M","1.85%"
"07/15/2022","38.45","38.13","38.57","37.13","8.35M","0.71%"
"07/14/2022","38.18","38.28","38.85","37.55","9.46M","0.39%"
"07/13/2022","38.03","36.29","38.54","36.20","9.65M","2.81%"
"07/12/2022","36.99","36.59","37.68","36.31","8.66M","-0.91%"
"07/11/2022","37.33","37.63","38.02","36.83","9.23M","-4.04%"
"07/08/2022","38.90","38.72","39.55","37.96","9.82M","-0.97%"
"07/07/2022","39.28","39.20","40.70","38.60","19.52M","1.76%"
"07/06/2022","38.60","39.31","39.70","37.10","10.73M","-3.50%"
"07/05/2022","40.00","38.04","40.44","37.72","18.09M","6.10%"
"07/01/2022","37.70","38.30","38.99","36.32","14.35M","-1.59%"
"06/30/2022","38.31","38.88","39.50","37.53","14.67M","0.60%"
"06/29/2022","38.08","36.27","38.42","36.15","17.90M","2.72%"
"06/28/2022","37.07","37.35","38.33","36.16","29.68M","-5.26%"
"06/27/2022","39.13","39.46","39.63","38.34","16.43M","-4.07%"
"06/24/2022","40.79","40.86","41.49","38.90","25.34M","3.95%"
"06/23/2022","39.24","39.27","40.01","38.42","29.45M","6.63%"
"06/22/2022","36.80","36.82","37.35","35.36","20.24M","2.94%"
"06/21/2022","35.75","35.02","37.02","34.79","24.53M","7.84%"
"06/17/2022","33.15","33.50","34.00","32.93","22.40M","4.25%"
"06/16/2022","31.80","31.00","32.16","30.82","9.06M","-2.12%"
"06/15/2022","32.49","32.52","32.80","31.56","11.24M","0.84%"
"06/14/2022","32.22","30.84","32.78","30.70","15.86M","10.91%"
"06/13/2022","29.05","29.71","30.40","28.22","13.43M","-2.94%"
"06/10/2022","29.93","29.90","31.19","29.79","11.28M","1.49%"
"06/09/2022","29.49","28.27","29.99","28.25","7.90M","-1.57%"
"06/08/2022","29.96","30.11","30.29","29.36","12.25M","0.81%"
"06/07/2022","29.72","28.67","30.05","28.32","9.05M","2.24%"
"06/06/2022","29.07","28.31","30.00","28.22","15.82M","10.91%"
"06/03/2022","26.21","25.52","26.52","25.51","4.88M","-0.76%"
"06/02/2022","26.41","25.62","26.57","24.71","9.16M","3.73%"
"06/01/2022","25.46","25.41","26.04","24.99","7.85M","1.56%"
"05/31/2022","25.07","25.50","25.51","24.57","11.55M","3.25%"
"05/27/2022","24.28","24.49","24.50","22.90","8.97M","0.41%"
"05/26/2022","24.18","22.43","24.30","22.43","7.01M","7.95%"
"05/25/2022","22.40","22.44","22.70","21.59","8.67M","2.94%"
"05/24/2022","21.76","22.77","22.85","21.52","10.52M","-7.29%"
"05/23/2022","23.47","23.32","23.51","22.51","6.68M","-2.21%"
"05/20/2022","24.00","24.73","25.00","23.04","11.24M","0.04%"
"05/19/2022","23.99","24.09","24.47","23.61","8.13M","2.48%"
"05/18/2022","23.41","23.35","24.59","23.18","8.35M","-1.39%"
"05/17/2022","23.74","23.71","24.43","23.05","10.97M","7.81%"
"05/16/2022","22.02","22.10","22.85","21.80","7.89M","0.92%"
"05/13/2022","21.82","21.80","22.22","21.31","17.02M","8.45%"
"05/12/2022","20.12","20.10","21.44","19.34","14.15M","-0.05%"
"05/11/2022","20.13","21.07","21.83","20.07","18.70M","2.34%"
"05/10/2022","19.67","20.31","21.30","18.90","9.89M","4.07%"
"05/09/2022","18.90","20.15","20.35","18.83","7.33M","-9.66%"
"05/06/2022","20.92","21.68","21.86","20.69","5.11M","-3.46%"
"05/05/2022","21.67","22.83","23.35","21.16","5.82M","-8.14%"
"05/04/2022","23.59","22.45","23.69","22.09","5.00M","2.88%"
"05/03/2022","22.93","23.10","23.59","22.65","4.18M","-1.71%"
"05/02/2022","23.33","22.22","23.59","22.07","6.08M","4.01%"
"04/29/2022","22.43","24.08","24.40","22.37","8.06M","1.40%"
"04/28/2022","22.12","22.50","22.79","20.50","8.35M","-0.27%"
"04/27/2022","22.18","22.46","23.00","22.09","9.12M","4.87%"
"04/26/2022","21.15","22.44","22.51","21.15","5.32M","-5.20%"
"04/25/2022","22.31","21.35","22.44","21.12","8.41M","-0.09%"
"04/22/2022","22.33","22.57","23.35","22.31","6.29M","-0.62%"
"04/21/2022","22.47","24.00","24.27","22.05","8.97M","-4.34%"
"04/20/2022","23.49","24.81","24.81","23.17","7.75M","-7.30%"
"04/19/2022","25.34","25.16","25.59","24.14","5.06M","-1.25%"
"04/18/2022","25.66","25.40","25.95","24.70","4.09M","-0.19%"
"04/14/2022","25.71","25.80","26.42","25.60","4.65M","-1.23%"
"04/13/2022","26.03","25.09","26.43","24.63","4.81M","4.41%"
"04/12/2022","24.93","25.84","25.87","24.81","5.59M","-1.27%"
"04/11/2022","25.25","24.69","25.58","24.22","8.73M","-2.36%"
"04/08/2022","25.86","26.39","26.56","25.56","5.50M","-2.01%"
"04/07/2022","26.39","27.28","28.03","25.83","9.41M","-4.11%"
"04/06/2022","27.52","27.59","27.85","26.74","6.44M","-1.01%"
"04/05/2022","27.80","28.37","28.64","27.56","6.63M","-3.00%"
"04/04/2022","28.66","28.68","29.69","28.24","11.11M","5.21%"
"04/01/2022","27.24","27.35","28.22","26.59","11.83M","5.54%"
"03/31/2022","25.81","27.00","27.25","25.57","9.56M","-4.87%"
"03/30/2022","27.13","27.10","28.23","26.88","9.25M","1.99%"
"03/29/2022","26.60","27.30","27.60","26.30","8.71M","0.45%"
"03/28/2022","26.48","26.77","27.31","25.75","8.22M","0.30%"
"03/25/2022","26.40","26.45","27.13","25.91","6.91M","-5.24%"
"03/24/2022","27.86","27.34","27.90","26.21","9.89M","2.13%"
"03/23/2022","27.28","26.49","28.30","26.40","7.30M","-0.18%"
"03/22/2022","27.33","27.40","27.77","26.53","11.15M","3.80%"
"03/21/2022","26.33","27.19","27.92","25.67","11.80M","-6.60%"
"03/18/2022","28.19","25.80","28.90","25.52","18.30M","12.31%"
"03/17/2022","25.10","25.02","25.26","23.75","14.72M","-3.65%"
"03/16/2022","26.05","23.80","26.50","23.61","38.07M","31.90%"
"03/15/2022","19.75","17.91","20.08","16.86","30.76M","12.22%"
"03/14/2022","17.60","20.05","20.36","17.45","41.53M","-20.61%"
"03/11/2022","22.17","26.82","26.83","21.92","19.70M","-14.70%"
"03/10/2022","25.99","26.07","26.55","25.23","10.70M","-5.94%"
"03/09/2022","27.63","25.81","27.91","25.42","13.42M","13.99%"
"03/08/2022","24.24","25.19","25.19","24.04","12.10M","-5.68%"
"03/07/2022","25.70","27.22","27.92","25.69","8.42M","-5.62%"
"03/04/2022","27.23","27.44","28.01","26.65","7.72M","-2.40%"
"03/03/2022","27.90","30.63","30.64","27.56","9.78M","-7.28%"
"03/02/2022","30.09","30.88","31.95","29.54","9.56M","-1.08%"
"03/01/2022","30.42","30.33","31.45","29.80","9.11M","-0.10%"
"02/28/2022","30.45","27.86","31.00","27.83","13.65M","9.18%"
"02/25/2022","27.89","27.72","28.12","25.75","10.04M","1.94%"
"02/24/2022","27.36","25.37","27.42","25.04","12.10M","-0.87%"
"02/23/2022","27.60","28.80","29.24","27.46","8.01M","-0.33%"
"02/22/2022","27.69","27.88","28.68","27.26","9.63M","-3.01%"
"02/18/2022","28.55","29.63","29.83","28.38","5.91M","-3.64%"
"02/17/2022","29.63","29.68","30.30","29.42","4.28M","-0.54%"
"02/16/2022","29.79","29.93","30.20","29.44","4.09M","-1.29%"
"02/15/2022","30.18","29.49","30.23","29.22","7.91M","5.97%"
"02/14/2022","28.48","27.69","28.80","27.51","5.61M","1.21%"
"02/11/2022","28.14","29.42","29.72","27.69","7.18M","-4.19%"
"02/10/2022","29.37","28.93","29.99","28.61","8.01M","-2.52%"
"02/09/2022","30.13","30.02","30.50","29.74","11.36M","3.90%"
"02/08/2022","29.00","28.36","29.05","28.02","4.99M","1.29%"
"02/07/2022","28.63","27.66","29.03","27.59","7.26M","-0.24%"
"02/04/2022","28.70","27.08","28.96","27.08","8.11M","6.97%"
"02/03/2022","26.83","26.80","27.90","26.55","5.98M","-2.44%"
"02/02/2022","27.50","27.08","27.64","26.57","5.53M","0.77%"
"02/01/2022","27.29","26.85","27.31","25.94","7.47M","4.60%"
"01/31/2022","26.09","24.64","26.11","24.58","6.94M","8.84%"
"01/28/2022","23.97","23.19","24.43","22.16","12.32M","2.22%"
"01/27/2022","23.45","25.26","25.33","23.38","9.71M","-6.54%"
"01/26/2022","25.09","26.38","26.60","24.90","8.10M","-1.34%"
"01/25/2022","25.43","26.79","26.79","25.14","9.72M","-6.75%"
"01/24/2022","27.27","26.70","27.40","25.53","10.46M","-2.26%"
"01/21/2022","27.90","28.85","28.98","27.68","6.09M","-4.35%"
"01/20/2022","29.17","30.22","30.51","29.11","7.14M","-0.31%"
"01/19/2022","29.26","30.57","30.74","29.25","6.16M","-3.97%"
"01/18/2022","30.47","30.63","31.97","30.31","7.46M","-2.12%"
"01/14/2022","31.13","30.96","31.44","30.03","6.02M","1.17%"
"01/13/2022","30.77","30.58","31.68","30.50","7.60M","0.07%"
"01/12/2022","30.75","30.40","31.19","29.98","11.44M","3.15%"
"01/11/2022","29.81","27.75","29.90","27.51","9.19M","8.24%"
"01/10/2022","27.54","29.18","29.18","27.01","8.05M","-5.62%"
"01/07/2022","29.18","28.58","29.68","28.20","8.86M","2.82%"
"01/06/2022","28.38","29.25","29.63","28.24","10.13M","-2.71%"
"01/05/2022","29.17","29.50","30.56","29.14","6.35M","-3.82%"
"01/04/2022","30.33","32.16","32.17","29.37","8.16M","-6.22%"
"01/03/2022","32.34","33.02","33.76","31.35","7.17M","0.75%"
"12/31/2021","32.10","31.83","32.90","31.50","8.05M","0.47%"
"12/30/2021","31.95","29.10","32.32","29.01","11.74M","8.60%"
"12/29/2021","29.42","29.84","30.18","28.53","5.17M","-1.41%"
"12/28/2021","29.84","29.98","30.28","29.69","3.36M","-0.20%"
"12/27/2021","29.90","30.28","30.98","29.38","4.73M","-1.71%"
"12/23/2021","30.42","30.05","30.74","29.78","4.18M","0.07%"
"12/22/2021","30.40","29.72","30.44","29.51","6.19M","1.43%"
"12/21/2021","29.97","28.84","30.16","28.61","8.39M","6.09%"
"12/20/2021","28.25","28.62","29.06","27.53","7.90M","-5.64%"
"12/17/2021","29.94","29.08","30.29","27.95","9.50M","-0.17%"
"12/16/2021","29.99","31.18","31.18","29.68","6.31M","-1.48%"
"12/15/2021","30.44","30.63","30.87","29.13","9.24M","-2.00%"
"12/14/2021","31.06","30.43","31.35","30.34","8.05M","-0.96%"
"12/13/2021","31.36","32.50","32.50","30.39","10.52M","-3.39%"
"12/10/2021","32.46","31.12","32.86","31.12","11.64M","4.41%"
"12/09/2021","31.09","31.50","32.75","30.84","6.08M","-1.58%"
"12/08/2021","31.59","31.03","31.97","30.36","5.33M","2.10%"
"12/07/2021","30.94","31.65","32.23","30.34","10.11M","1.41%"
"12/06/2021","30.51","29.58","30.64","27.77","18.11M","7.05%"
"12/03/2021","28.50","33.00","33.20","27.73","30.39M","-15.95%"
"12/02/2021","33.91","35.56","36.35","31.94","14.14M","-3.39%"
"12/01/2021","35.10","36.91","37.45","34.98","19.48M","-0.96%"
"11/30/2021","35.44","34.42","36.26","33.54","17.98M","2.78%"
"11/29/2021","34.48","34.72","36.00","34.08","26.49M","6.42%"
"11/26/2021","32.40","31.31","32.78","30.89","6.89M","-0.67%"
"11/24/2021","32.62","31.66","33.06","31.22","7.28M","2.77%"
"11/23/2021","31.74","31.50","33.93","31.00","11.14M","1.76%"
"11/22/2021","31.19","30.90","32.35","30.79","10.51M","1.93%"
"11/19/2021","30.60","31.00","31.20","30.12","5.68M","-1.23%"
"11/18/2021","30.98","32.23","32.64","30.08","7.75M","-3.73%"
"11/17/2021","32.18","32.41","32.90","31.86","6.60M","-1.77%"
"11/16/2021","32.76","30.36","32.96","30.12","14.12M","9.75%"
"11/15/2021","29.85","30.20","30.41","29.68","5.54M","-1.81%"
"11/12/2021","30.40","31.35","31.35","29.95","7.44M","-0.78%"
"11/11/2021","30.64","30.20","30.95","30.01","7.53M","3.37%"
"11/10/2021","29.64","29.40","30.40","29.36","6.54M","-1.13%"
"11/09/2021","29.98","31.53","31.62","29.73","7.96M","-4.37%"
"11/08/2021","31.35","30.99","32.07","30.83","6.21M","1.13%"
"11/05/2021","31.00","32.10","32.25","30.35","4.93M","-3.00%"
"11/04/2021","31.96","31.64","32.42","31.33","5.62M","3.23%"
"11/03/2021","30.96","31.34","31.34","30.57","4.43M","-0.74%"
"11/02/2021","31.19","31.80","32.44","30.73","8.41M","-3.56%"
"11/01/2021","32.34","32.56","33.35","31.91","6.41M","-0.89%"
"10/29/2021","32.63","33.06","33.59","32.45","3.99M","-2.33%"
"10/28/2021","33.41","33.34","33.85","32.80","6.12M","2.27%"
"10/27/2021","32.67","33.00","34.01","32.53","6.14M","-1.24%"
"10/26/2021","33.08","33.96","34.83","32.83","10.09M","-3.42%"
"10/25/2021","34.25","32.66","34.45","32.27","13.22M","6.07%"
"10/22/2021","32.29","32.00","32.88","31.78","10.55M","0.78%"
"10/21/2021","32.04","30.88","32.44","30.82","7.72M","2.63%"
"10/20/2021","31.22","30.85","31.61","30.85","4.78M","0.32%"
"10/19/2021","31.12","30.82","31.74","30.63","7.51M","2.27%"
"10/18/2021","30.43","30.07","30.75","30.00","7.16M","-0.69%"
"10/15/2021","30.64","29.87","31.06","29.32","10.50M","4.04%"
"10/14/2021","29.45","29.00","29.47","28.55","7.55M","2.65%"
"10/13/2021","28.69","28.10","28.78","28.00","4.67M","2.35%"
"10/12/2021","28.03","28.14","28.25","27.61","3.45M","-0.67%"
"10/11/2021","28.22","28.55","29.00","28.09","3.84M","-0.95%"
"10/08/2021","28.49","28.82","28.90","27.97","3.74M","-1.01%"
"10/07/2021","28.78","28.18","29.29","28.13","6.84M","5.07%"
"10/06/2021","27.39","26.34","27.63","26.31","5.49M","1.48%"
"10/05/2021","26.99","25.59","27.31","25.59","5.73M","5.51%"
"10/04/2021","25.58","26.31","26.31","25.42","3.44M","-2.70%"
"10/01/2021","26.29","26.90","26.96","26.18","3.46M","0.00%"
"09/30/2021","26.29","25.89","26.65","25.80","4.44M","2.18%"
"09/29/2021","25.73","26.42","26.88","25.55","5.16M","-1.53%"
"09/28/2021","26.13","26.75","26.91","25.78","4.34M","-2.90%"
"09/27/2021","26.91","26.17","27.02","25.40","6.03M","3.06%"
"09/24/2021","26.11","27.00","27.10","26.01","5.24M","-4.25%"
"09/23/2021","27.27","27.78","27.91","26.74","4.11M","-0.15%"
"09/22/2021","27.31","27.18","28.09","27.16","3.93M","0.92%"
"09/21/2021","27.06","27.17","27.59","26.74","3.61M","0.56%"
"09/20/2021","26.91","27.81","27.87","26.51","7.85M","-7.49%"
"09/17/2021","29.09","29.10","29.21","28.59","8.81M","0.73%"
"09/16/2021","28.88","29.15","29.15","28.53","5.92M","-2.89%"
"09/15/2021","29.74","29.76","30.07","29.27","5.50M","-0.23%"
"09/14/2021","29.81","29.70","30.45","29.44","6.41M","0.78%"
"09/13/2021","29.58","30.20","30.28","28.63","6.06M","-2.02%"
"09/10/2021","30.19","30.56","31.63","30.14","7.40M","-1.40%"
"09/09/2021","30.62","29.92","30.70","29.50","5.15M","1.32%"
"09/08/2021","30.22","30.80","30.84","29.86","6.43M","-2.48%"
"09/07/2021","30.99","30.80","31.31","30.55","7.98M","2.34%"
"09/03/2021","30.28","30.79","31.10","30.10","8.34M","-2.95%"
"09/02/2021","31.20","30.58","31.77","30.47","8.41M","2.40%"
"09/01/2021","30.47","30.89","31.67","30.09","11.97M","-1.26%"
"08/31/2021","30.86","29.29","30.93","29.16","10.19M","6.30%"
"08/30/2021","29.03","29.87","29.91","27.72","9.40M","-1.06%"
"08/27/2021","29.34","29.82","29.85","29.23","5.66M","-0.95%"
"08/26/2021","29.62","30.14","30.95","29.34","5.72M","-3.33%"
"08/25/2021","30.64","30.25","30.79","29.79","7.93M","0.59%"
"08/24/2021","30.46","29.56","30.51","29.52","10.77M","4.32%"
"08/23/2021","29.20","28.80","29.33","28.50","7.13M","2.24%"
"08/20/2021","28.56","27.96","29.52","27.93","9.55M","3.70%"
"08/19/2021","27.54","28.01","28.64","27.45","6.33M","-3.40%"
"08/18/2021","28.51","28.32","29.12","27.99","8.55M","1.71%"
"08/17/2021","28.03","27.29","28.46","26.91","10.37M","1.34%"
"08/16/2021","27.66","27.90","28.11","27.21","10.29M","-3.49%"
"08/13/2021","28.66","29.60","29.75","28.55","9.42M","-4.82%"
"08/12/2021","30.11","30.27","30.92","29.09","17.00M","-1.99%"
"08/11/2021","30.72","30.33","30.99","29.88","8.91M","1.09%"
"08/10/2021","30.39","31.08","31.29","30.35","6.16M","-0.95%"
"08/09/2021","30.68","30.48","31.07","30.20","8.37M","1.09%"
"08/06/2021","30.35","31.10","31.55","29.97","12.10M","-3.19%"
"08/05/2021","31.35","32.27","32.30","31.12","11.40M","-4.10%"
"08/04/2021","32.69","32.97","33.60","32.28","7.23M","0.46%"
"08/03/2021","32.54","32.74","33.09","31.61","9.73M","-3.38%"
"08/02/2021","33.68","34.77","35.44","33.52","20.53M","0.87%"
"07/30/2021","33.39","30.14","34.55","29.90","27.41M","8.90%"
"07/29/2021","30.66","31.20","31.40","29.87","12.54M","0.07%"
"07/28/2021","30.64","28.35","30.69","28.01","21.09M","15.71%"
"07/27/2021","26.48","29.90","30.45","26.22","24.57M","-13.94%"
"07/26/2021","30.77","29.23","31.58","28.85","12.90M","1.62%"
"07/23/2021","30.28","31.44","31.70","29.20","19.08M","-8.05%"
"07/22/2021","32.93","33.26","33.60","32.42","5.17M","-1.44%"
"07/21/2021","33.41","31.39","34.22","31.38","15.90M","8.72%"
"07/20/2021","30.73","30.61","30.85","29.91","5.35M","0.62%"
"07/19/2021","30.54","29.18","30.61","28.67","7.81M","0.73%"
"07/16/2021","30.32","30.96","31.21","29.87","6.60M","-2.13%"
"07/15/2021","30.98","30.43","31.89","29.50","10.71M","2.14%"
"07/14/2021","30.33","32.27","32.50","30.04","10.84M","-6.73%"
"07/13/2021","32.52","32.65","33.09","31.99","6.67M","-0.88%"
"07/12/2021","32.81","32.36","33.51","31.77","9.07M","3.11%"
"07/09/2021","31.82","32.50","32.60","30.80","9.48M","0.09%"
"07/08/2021","31.79","30.02","32.07","29.85","13.32M","-0.75%"
"07/07/2021","32.03","33.52","34.47","31.28","14.26M","-4.62%"
"07/06/2021","33.58","31.05","33.98","31.03","14.94M","2.79%"
"07/02/2021","32.67","35.01","35.82","31.00","24.84M","-5.82%"
"07/01/2021","34.69","35.55","36.66","34.22","17.53M","-0.72%"
"06/30/2021","34.94","34.00","35.27","34.00","13.07M","2.01%"
"06/29/2021","34.25","33.76","34.28","32.66","12.96M","1.60%"
"06/28/2021","33.71","32.06","33.99","31.96","21.74M","6.41%"
"06/25/2021","31.68","30.90","31.83","30.51","12.24M","3.26%"
"06/24/2021","30.68","31.49","31.49","30.30","9.61M","-1.60%"
"06/23/2021","31.18","29.95","31.29","29.88","13.27M","7.78%"
"06/22/2021","28.93","29.95","30.45","28.55","14.67M","-3.92%"
"06/21/2021","30.11","30.06","30.50","29.00","11.27M","0.00%"
"06/18/2021","30.11","31.22","31.23","29.69","20.63M","-2.49%"
"06/17/2021","30.88","28.67","31.32","28.43","24.69M","8.73%"
"06/16/2021","28.40","27.36","28.74","27.29","12.19M","0.67%"
"06/15/2021","28.21","27.89","28.99","27.80","14.77M","-0.11%"
"06/14/2021","28.24","28.33","28.57","27.79","10.20M","0.46%"
"06/11/2021","28.11","27.23","28.49","26.90","18.42M","4.11%"
"06/10/2021","27.00","27.61","28.00","26.91","12.24M","-1.57%"
"06/09/2021","27.43","29.00","29.09","27.22","15.15M","-3.65%"
"06/08/2021","28.47","27.47","29.07","27.35","26.44M","6.71%"
"06/07/2021","26.68","25.67","27.24","25.59","20.62M","4.06%"
"06/04/2021","25.64","25.06","25.65","24.73","11.66M","2.72%"
"06/03/2021","24.96","24.37","25.36","23.40","19.31M","2.55%"
"06/02/2021","24.34","23.62","25.05","23.60","20.35M","2.23%"
"06/01/2021","23.81","24.04","24.52","23.54","17.06M","2.19%"
"05/28/2021","23.30","23.61","24.38","22.78","17.30M","-1.48%"
"05/27/2021","23.65","23.23","23.72","22.26","60.41M","3.64%"
"05/26/2021","22.82","20.15","23.40","19.85","36.84M","14.16%"
"05/25/2021","19.99","21.22","21.52","19.75","16.46M","-3.94%"
"05/24/2021","20.81","20.56","21.14","20.18","8.48M","1.56%"
"05/21/2021","20.49","20.61","20.75","19.86","8.22M","1.09%"
"05/20/2021","20.27","19.99","20.58","19.85","13.42M","3.68%"
"05/19/2021","19.55","18.73","19.60","18.62","8.78M","0.72%"
"05/18/2021","19.41","19.11","19.83","18.95","11.43M","2.97%"
"05/17/2021","18.85","18.38","19.11","18.29","9.77M","2.72%"
"05/14/2021","18.35","17.40","18.50","17.30","8.52M","6.50%"
"05/13/2021","17.23","18.29","18.44","16.72","11.56M","-3.09%"
"05/12/2021","17.78","17.20","18.57","16.93","27.26M","4.53%"
"05/11/2021","17.01","16.10","17.26","15.98","10.50M","0.00%"
"05/10/2021","17.01","18.15","18.20","16.96","12.70M","-6.85%"
"05/07/2021","18.26","18.05","18.76","17.95","7.01M","1.50%"
"05/06/2021","17.99","18.99","19.01","17.60","12.30M","-4.41%"
"05/05/2021","18.82","19.55","19.64","18.80","7.09M","-3.09%"
"05/04/2021","19.42","19.37","19.62","18.74","9.12M","-0.10%"
"05/03/2021","19.44","20.06","20.15","19.35","5.97M","-1.52%"
"04/30/2021","19.74","19.28","20.02","19.19","5.94M","0.97%"
"04/29/2021","19.55","20.16","20.33","19.36","7.92M","-3.03%"
"04/28/2021","20.16","20.34","20.51","20.09","6.87M","-2.28%"
"04/27/2021","20.63","20.89","20.98","20.46","6.87M","-0.86%"
"04/26/2021","20.81","20.84","20.92","20.31","5.89M","1.02%"
"04/23/2021","20.60","20.21","20.70","19.91","6.79M","2.79%"
"04/22/2021","20.04","19.85","20.69","19.65","10.62M","1.31%"
"04/21/2021","19.78","19.01","19.80","18.68","10.76M","3.24%"
"04/20/2021","19.16","19.20","19.64","18.79","7.25M","-0.47%"
"04/19/2021","19.25","19.39","19.50","18.54","10.60M","-0.16%"
"04/16/2021","19.28","19.45","19.48","18.90","11.84M","-2.03%"
"04/15/2021","19.68","20.89","20.96","19.20","22.24M","-6.73%"
"04/14/2021","21.10","21.96","22.11","20.85","11.53M","-3.30%"
"04/13/2021","21.82","21.92","22.06","21.26","11.27M","0.18%"
"04/12/2021","21.78","22.67","22.72","21.60","10.73M","-4.31%"
"04/09/2021","22.76","22.90","22.98","22.31","7.20M","-2.02%"
"04/08/2021","23.23","23.02","23.50","22.34","20.40M","4.50%"
"04/07/2021","22.23","24.26","24.26","22.08","37.79M","-12.93%"
"04/06/2021","25.53","24.89","25.75","24.43","6.26M","2.37%"
"04/05/2021","24.94","25.87","26.00","24.76","5.78M","-1.23%"
"04/01/2021","25.25","26.10","26.13","25.01","7.10M","1.00%"
"03/31/2021","25.00","23.57","25.16","23.50","14.39M","8.32%"
"03/30/2021","23.08","21.92","23.33","21.52","13.18M","2.12%"
"03/29/2021","22.60","23.64","24.22","22.20","12.28M","-4.64%"
"03/26/2021","23.70","22.99","24.29","22.55","13.69M","0.85%"
"03/25/2021","23.50","22.08","23.79","22.00","9.67M","2.66%"
"03/24/2021","22.89","25.75","25.95","22.53","18.73M","-13.20%"
"03/23/2021","26.37","25.78","27.04","25.64","10.28M","-1.68%"
"03/22/2021","26.82","26.53","27.32","26.37","8.97M","2.05%"
"03/19/2021","26.28","24.90","26.51","24.54","27.77M","4.87%"
"03/18/2021","25.06","24.84","25.80","24.66","12.72M","-1.45%"
"03/17/2021","25.43","24.97","25.44","24.32","12.92M","-1.59%"
"03/16/2021","25.84","26.15","26.64","25.51","11.02M","-0.23%"
"03/15/2021","25.90","25.80","26.14","25.40","8.55M","0.82%"
"03/12/2021","25.69","24.89","25.80","24.57","11.70M","-1.27%"
"03/11/2021","26.02","25.00","26.33","24.31","22.84M","11.48%"
"03/10/2021","23.34","24.35","25.40","22.81","18.59M","1.13%"
"03/09/2021","23.08","22.61","24.85","22.57","27.47M","8.20%"
"03/08/2021","21.33","22.44","23.65","21.20","15.91M","-5.03%"
"03/05/2021","22.46","22.06","22.68","19.69","24.16M","0.63%"
"03/04/2021","22.32","22.36","23.34","20.81","31.58M","-1.98%"
"03/03/2021","22.77","24.32","24.75","22.66","19.30M","-4.09%"
"03/02/2021","23.74","25.01","25.33","23.61","17.37M","-8.20%"
"03/01/2021","25.86","25.93","26.51","25.60","12.65M","1.93%"
"02/26/2021","25.37","26.34","26.80","24.58","39.28M","-1.93%"
"02/25/2021","25.87","28.90","29.01","25.13","37.49M","-9.80%"
"02/24/2021","28.68","27.21","28.87","26.10","20.26M","6.26%"
"02/23/2021","26.99","26.45","27.35","23.52","24.65M","-3.05%"
"02/22/2021","27.84","29.30","29.41","27.75","14.85M","-6.70%"
"02/19/2021","29.84","29.95","30.21","29.45","10.28M","1.36%"
"02/18/2021","29.44","28.96","30.45","28.80","10.89M","-1.01%"
"02/17/2021","29.74","30.10","30.32","29.27","11.71M","-2.17%"
"02/16/2021","30.40","31.92","32.15","29.98","14.57M","-4.55%"
"02/12/2021","31.85","31.59","32.43","31.20","8.16M","-0.44%"
"02/11/2021","31.99","31.76","32.65","31.40","14.92M","1.56%"
"02/10/2021","31.50","31.85","33.31","31.30","23.78M","-1.16%"
"02/09/2021","31.87","30.33","32.29","29.85","21.65M","4.97%"
"02/08/2021","30.36","30.31","30.53","29.76","12.37M","-0.13%"
"02/05/2021","30.40","30.94","30.97","30.09","12.20M","-1.43%"
"02/04/2021","30.84","30.83","31.40","30.60","10.59M","0.36%"
"02/03/2021","30.73","30.09","31.09","29.58","15.96M","1.75%"
"02/02/2021","30.20","31.15","31.79","29.53","28.70M","-5.74%"
"02/01/2021","32.04","32.85","32.94","31.10","12.27M","-0.65%"
"01/29/2021","32.25","32.41","33.28","31.58","12.49M","0.12%"
"01/28/2021","32.21","31.20","32.38","30.63","17.98M","2.06%"
"01/27/2021","31.56","31.99","32.49","31.08","23.23M","-2.89%"
"01/26/2021","32.50","33.15","33.84","32.10","33.54M","1.59%"
"01/25/2021","31.99","35.04","35.20","31.76","37.03M","-7.11%"
"01/22/2021","34.44","34.80","35.32","33.96","20.41M","-2.63%"
"01/21/2021","35.37","35.50","36.16","34.06","14.52M","-0.65%"
"01/20/2021","35.60","36.78","37.65","33.90","26.12M","0.45%"
"01/19/2021","35.44","33.92","36.00","33.38","28.46M","8.71%"
"01/15/2021","32.60","34.26","34.76","32.35","16.62M","-6.05%"
"01/14/2021","34.70","35.37","36.25","34.52","14.69M","-2.39%"
"01/13/2021","35.55","36.04","36.69","34.54","18.76M","-3.27%"
"01/12/2021","36.75","32.38","37.18","32.34","34.31M","12.08%"
"01/11/2021","32.79","34.37","35.04","32.33","24.67M","-4.40%"
"01/08/2021","34.30","37.10","37.19","33.19","30.25M","-2.25%"
"01/07/2021","35.09","32.97","35.26","32.85","26.23M","10.48%"
"01/06/2021","31.76","31.20","33.50","30.80","30.00M","2.48%"
"01/05/2021","30.99","32.40","33.19","30.45","24.02M","-4.53%"
"01/04/2021","32.46","30.34","33.00","29.61","46.63M","12.59%"
"12/31/2020","28.83","29.36","30.15","28.76","15.56M","-0.79%"
"12/30/2020","29.06","29.27","29.44","28.52","17.02M","1.36%"
"12/29/2020","28.67","27.31","29.00","26.52","18.39M","6.15%"
"12/28/2020","27.01","29.75","29.79","26.88","22.95M","-7.88%"
"12/24/2020","29.32","30.29","30.38","29.14","13.41M","-4.06%"
"12/23/2020","30.56","31.29","31.43","29.40","14.67M","-2.33%"
"12/22/2020","31.29","33.48","33.58","30.63","17.06M","-4.78%"
"12/21/2020","32.86","31.16","33.70","31.11","20.32M","3.43%"
"12/18/2020","31.77","31.01","32.25","30.72","22.15M","3.52%"
"12/17/2020","30.69","31.47","31.69","30.23","15.19M","-2.14%"
"12/16/2020","31.36","32.46","32.48","31.01","11.82M","-2.46%"
"12/15/2020","32.15","31.86","33.10","31.25","18.07M","2.62%"
"12/14/2020","31.33","31.74","32.10","30.42","15.15M","-0.10%"
"12/11/2020","31.36","32.20","32.99","31.06","13.63M","-3.48%"
"12/10/2020","32.49","31.46","33.50","30.90","16.47M","1.44%"
"12/09/2020","32.03","34.00","34.60","31.25","23.73M","-3.84%"
"12/08/2020","33.31","33.77","34.74","32.82","33.17M","5.78%"
"12/07/2020","31.49","30.16","32.77","29.60","34.83M","3.14%"
"12/04/2020","30.53","30.76","32.12","30.44","51.99M","-5.51%"
"12/03/2020","32.31","35.53","36.58","32.18","32.57M","-7.02%"
"12/02/2020","34.75","31.98","35.70","30.95","43.74M","-0.32%"
"12/01/2020","34.86","39.19","39.35","34.23","42.38M","-3.14%"
"11/30/2020","35.99","38.53","38.65","35.00","29.78M","-8.84%"
"11/27/2020","39.48","40.28","42.15","38.28","26.50M","-3.05%"
"11/25/2020","40.72","39.46","41.83","38.75","40.99M","-7.37%"
"11/24/2020","43.96","47.58","47.70","41.50","64.68M","0.73%"
"11/23/2020","43.64","41.48","44.18","40.86","63.69M","14.48%"
"11/20/2020","38.12","37.03","39.87","36.30","41.86M","3.76%"
"11/19/2020","36.74","35.60","37.30","34.81","27.08M","3.52%"
"11/18/2020","35.49","35.07","36.65","33.50","28.21M","1.26%"
"11/17/2020","35.05","37.78","38.00","34.45","45.85M","-1.41%"
"11/16/2020","35.55","31.33","36.97","30.97","85.86M","13.94%"
"11/13/2020","31.20","38.76","40.81","30.11","170.28M","-1.83%"
"11/12/2020","31.78","27.06","32.78","26.40","86.21M","27.27%"
"11/11/2020","24.97","24.07","25.27","23.06","11.90M","-1.07%"
"11/10/2020","25.24","25.80","26.48","23.18","16.86M","-4.03%"
"11/09/2020","26.30","26.37","26.52","25.29","14.75M","-0.60%"
"11/06/2020","26.46","27.59","28.32","25.30","32.69M","-5.80%"
"11/05/2020","28.09","26.96","28.49","26.00","32.30M","10.98%"
"11/04/2020","25.31","25.69","27.67","24.06","28.97M","5.24%"
"11/03/2020","24.05","23.40","24.17","22.05","15.56M","5.11%"
"11/02/2020","22.88","21.76","23.30","21.36","24.94M","13.44%"
"10/30/2020","20.17","20.49","21.72","20.07","11.96M","-2.18%"
"10/29/2020","20.62","19.31","21.40","19.17","14.66M","10.33%"
"10/28/2020","18.69","18.68","19.10","17.92","6.23M","-2.71%"
"10/27/2020","19.21","18.96","19.61","18.62","4.30M","0.68%"
"10/26/2020","19.08","18.30","19.26","18.30","5.67M","3.70%"
"10/23/2020","18.40","18.90","18.99","18.31","3.62M","-3.06%"
"10/22/2020","18.98","20.00","20.10","18.72","6.34M","-2.11%"
"10/21/2020","19.39","20.30","21.10","19.36","8.40M","-5.37%"
"10/20/2020","20.49","19.21","20.78","19.00","7.62M","6.83%"
"10/19/2020","19.18","20.34","20.37","18.91","6.44M","-2.98%"
"10/16/2020","19.77","20.85","21.12","19.61","7.46M","-3.56%"
"10/15/2020","20.50","20.35","21.47","19.78","11.75M","-1.35%"
"10/14/2020","20.78","20.17","21.86","20.06","16.81M","6.95%"
"10/13/2020","19.43","18.81","19.73","18.53","7.89M","1.41%"
"10/12/2020","19.16","18.06","19.34","17.61","14.00M","8.86%"
"10/09/2020","17.60","18.03","18.36","17.50","3.83M","-1.84%"
"10/08/2020","17.93","17.98","18.28","17.72","3.23M","0.90%"
"10/07/2020","17.77","17.60","18.08","17.41","3.10M","2.42%"
"10/06/2020","17.35","17.72","18.23","17.25","5.66M","-0.97%"
"10/05/2020","17.52","17.42","18.13","17.15","8.14M","3.55%"
"10/02/2020","16.92","16.25","18.00","16.20","8.40M","0.71%"
"10/01/2020","16.80","17.76","17.78","16.55","5.43M","-3.39%"
"09/30/2020","17.39","17.62","18.24","17.09","7.62M","2.11%"
"09/29/2020","17.03","16.08","17.16","16.00","6.06M","5.91%"
"09/28/2020","16.08","16.19","16.21","15.74","4.72M","1.77%"
"09/25/2020","15.80","15.35","16.07","15.23","3.64M","4.71%"
"09/24/2020","15.09","15.50","15.97","15.02","6.85M","-3.76%"
"09/23/2020","15.68","16.75","16.75","15.61","6.60M","-6.33%"
"09/22/2020","16.74","16.56","17.18","16.42","3.04M","1.89%"
"09/21/2020","16.43","16.50","16.87","16.00","4.29M","-3.52%"
"09/18/2020","17.03","17.57","17.68","16.57","3.82M","-1.33%"
"09/17/2020","17.26","16.74","17.65","16.70","3.14M","-1.48%"
"09/16/2020","17.52","18.20","18.43","17.42","5.74M","-3.68%"
"09/15/2020","18.19","17.66","18.75","17.65","9.38M","4.12%"
"09/14/2020","17.47","16.60","17.71","16.31","6.43M","7.77%"
"09/11/2020","16.21","16.19","16.70","16.05","3.91M","1.00%"
"09/10/2020","16.05","16.17","16.73","15.86","5.89M","1.58%"
"09/09/2020","15.80","16.41","16.95","15.79","9.12M","0.06%"
"09/08/2020","15.79","16.00","16.35","15.24","11.07M","-6.18%"
"09/04/2020","16.83","17.08","17.90","16.04","11.65M","-0.47%"
"09/03/2020","16.91","17.17","17.60","16.26","10.21M","-5.37%"
"09/02/2020","17.87","19.38","19.68","17.20","18.42M","-2.30%"
"09/01/2020","18.29","17.08","18.46","16.70","18.14M","12.21%"
"08/31/2020","16.30","17.76","18.84","16.20","18.32M","-7.39%"
"08/28/2020","17.60","20.21","20.50","17.60","14.73M","-9.18%"
"08/27/2020","19.38","22.26","22.31","19.30","29.32M","-17.11%"
"08/26/2020","23.38","18.99","24.48","18.99","31.56M","28.25%"
"08/25/2020","18.23","17.80","18.84","17.68","22.09M","6.67%"
"08/24/2020","17.09","16.30","17.20","15.88","19.36M","13.78%"
"08/21/2020","15.02","14.94","15.50","14.76","4.22M","1.83%"
"08/20/2020","14.75","15.06","15.30","14.61","3.14M","-1.93%"
"08/19/2020","15.04","15.98","16.07","15.01","3.29M","-5.76%"
"08/18/2020","15.96","15.36","16.75","15.36","7.16M","3.50%"
"08/17/2020","15.42","14.76","15.60","14.60","5.30M","5.62%"
"08/14/2020","14.60","15.35","15.36","14.31","5.07M","-3.69%"
"08/13/2020","15.16","15.70","15.70","15.00","5.38M","-3.19%"
"08/12/2020","15.66","16.36","16.36","15.14","5.61M","-2.13%"
"08/11/2020","16.00","16.93","17.03","15.83","7.34M","-2.56%"
"08/10/2020","16.42","17.60","17.76","16.12","7.91M","-2.78%"
"08/07/2020","16.89","17.75","19.33","16.60","7.46M","-8.70%"
"08/06/2020","18.50","16.80","19.90","16.63","14.14M","10.45%"
"08/05/2020","16.75","16.65","17.00","16.40","4.00M","0.36%"
"08/04/2020","16.69","16.55","16.84","15.95","7.78M","2.02%"
"08/03/2020","16.36","16.26","17.00","15.77","11.74M","2.25%"
"07/31/2020","16.00","16.67","17.17","15.99","19.53M","-2.79%"